merchant_name,dollars_spent
amazon,1046.66
home_depot,469.09000000000003
walmart,162.46999999999997
