merchant_name,dollars_spent
amazon,3139.9799999999996
home_depot,1407.2700000000002
walmart,487.41
